position,row,subject,sha1,stim_path
1,843,ohisalo,5750060611501fcdb5cf5089d349acbb535420ec,../data/check/stimuli/5750060611501fcdb5cf5089d349acbb535420ec.jpg
2,837,ohisalo,0c5aba21732b357749dcc405da700636b92b5512,../data/check/stimuli/0c5aba21732b357749dcc405da700636b92b5512.jpg
3,848,ohisalo,85bc07b7d008819c67fbc72dfa83417434fe7f8e,../data/check/stimuli/85bc07b7d008819c67fbc72dfa83417434fe7f8e.jpg
4,709,loof,53f04c7138f37bcb4e24d7d971982318e6c2d122,../data/check/stimuli/53f04c7138f37bcb4e24d7d971982318e6c2d122.jpg
5,367,loof,69f0534ecba71ab2811dc482a470a3f76bfef4cb,../data/check/stimuli/69f0534ecba71ab2811dc482a470a3f76bfef4cb.jpg
6,714,loof,28a2d63df340e2cc4a610cfbb6d5485aca289b19,../data/check/stimuli/28a2d63df340e2cc4a610cfbb6d5485aca289b19.jpg
7,863,ohisalo,01d300dc01023fbf8589bab1e054586aa8c15fa7,../data/check/stimuli/01d300dc01023fbf8589bab1e054586aa8c15fa7.jpg
8,800,loof,3b2a01d2532d62a2d123ef1864959789a1086072,../data/check/stimuli/3b2a01d2532d62a2d123ef1864959789a1086072.jpg
9,457,loof,5134e8ccaf4694283c702aa12f31a516f3a12739,../data/check/stimuli/5134e8ccaf4694283c702aa12f31a516f3a12739.jpg
10,866,ohisalo,7d486d609e13069c128de643e38c65222e64c110,../data/check/stimuli/7d486d609e13069c128de643e38c65222e64c110.jpg
11,858,ohisalo,4134d5e322d08fe0ab59e6b180c2fddee829d624,../data/check/stimuli/4134d5e322d08fe0ab59e6b180c2fddee829d624.jpg
12,875,ohisalo,6fcbb5abf9057ba276af8928bcd65e64a3060d8c,../data/check/stimuli/6fcbb5abf9057ba276af8928bcd65e64a3060d8c.jpg
13,883,ohisalo,cf764eb7c110a0430ea433d6480d88be9baa0f08,../data/check/stimuli/cf764eb7c110a0430ea433d6480d88be9baa0f08.jpg
14,830,loof,29217492ef05cd48edb05afcf018e70dd091612d,../data/check/stimuli/29217492ef05cd48edb05afcf018e70dd091612d.jpg
15,912,ohisalo,8e66ab16586fa08f4e7cd642f633abad0515dbe2,../data/check/stimuli/8e66ab16586fa08f4e7cd642f633abad0515dbe2.jpg
16,867,ohisalo,c343711b2c8398b78668e70d5a3a2b82926e7171,../data/check/stimuli/c343711b2c8398b78668e70d5a3a2b82926e7171.jpg
17,873,ohisalo,82b5d7d07e7a3138685a05fdbebfc1c9d1fc9ade,../data/check/stimuli/82b5d7d07e7a3138685a05fdbebfc1c9d1fc9ade.jpg
18,206,loof,66bddf30f505a02924e1db798d65133b9284cbd5,../data/check/stimuli/66bddf30f505a02924e1db798d65133b9284cbd5.jpg
19,881,ohisalo,ce40c70bc7641ff11493bf413c9e3bf72dfe3be4,../data/check/stimuli/ce40c70bc7641ff11493bf413c9e3bf72dfe3be4.jpg
20,15,loof,2c546d5c14bb94916e9c8171cafc9e62a1429ab0,../data/check/stimuli/2c546d5c14bb94916e9c8171cafc9e62a1429ab0.jpg
21,626,loof,25a54da84076be93cf1c0fab21aaebf13c4b009d,../data/check/stimuli/25a54da84076be93cf1c0fab21aaebf13c4b009d.jpg
22,362,loof,5b1ef4e75e5c1274da65be138358f6ac6f91d572,../data/check/stimuli/5b1ef4e75e5c1274da65be138358f6ac6f91d572.jpg
23,56,loof,764501a8b20fa2bfd16a68d57aa086b5f6a17420,../data/check/stimuli/764501a8b20fa2bfd16a68d57aa086b5f6a17420.jpg
24,481,loof,3b330450feae9bdd32784603b040134ac23330f4,../data/check/stimuli/3b330450feae9bdd32784603b040134ac23330f4.jpg
25,870,ohisalo,27e2ffe7746501000f7beb4687df7ec8444e506f,../data/check/stimuli/27e2ffe7746501000f7beb4687df7ec8444e506f.jpg
26,487,loof,c1ac99c2bcf2c6d9a576032e6cd89ce61319c702,../data/check/stimuli/c1ac99c2bcf2c6d9a576032e6cd89ce61319c702.jpg
27,869,ohisalo,44e6d29919fb9fb77485bfac604dd3a482b8ba25,../data/check/stimuli/44e6d29919fb9fb77485bfac604dd3a482b8ba25.jpg
28,9,loof,9f280cc0076be29c240bfb23ad4b00decd46c0a9,../data/check/stimuli/9f280cc0076be29c240bfb23ad4b00decd46c0a9.jpg
29,850,ohisalo,df162b258690d9cb2f0ab963395a215818455e5c,../data/check/stimuli/df162b258690d9cb2f0ab963395a215818455e5c.jpg
30,577,loof,debb277be5084e214b1be6efcfa990a8121a27ce,../data/check/stimuli/debb277be5084e214b1be6efcfa990a8121a27ce.jpg
31,868,ohisalo,78967cd85df75485bbe33f7cc9301af3df95419c,../data/check/stimuli/78967cd85df75485bbe33f7cc9301af3df95419c.jpg
32,846,ohisalo,5d8f2bc2accfd428d1422e88352e571e2934ee53,../data/check/stimuli/5d8f2bc2accfd428d1422e88352e571e2934ee53.jpg
33,413,loof,19dcfbfd5f64e124e3017ea664a5d2b593011a96,../data/check/stimuli/19dcfbfd5f64e124e3017ea664a5d2b593011a96.jpg
34,844,ohisalo,667c528a36565686ba849be6680bc818935ead4d,../data/check/stimuli/667c528a36565686ba849be6680bc818935ead4d.jpg
35,841,ohisalo,03983addc676103620d71bad98939c2e769ca59a,../data/check/stimuli/03983addc676103620d71bad98939c2e769ca59a.jpg
36,773,loof,eef9f32fde5f90c23de11b31bacd09324da001a6,../data/check/stimuli/eef9f32fde5f90c23de11b31bacd09324da001a6.jpg
37,115,loof,aee92cade81d0c7df6bc717d4a2b04f5522e0f7c,../data/check/stimuli/aee92cade81d0c7df6bc717d4a2b04f5522e0f7c.jpg
38,885,ohisalo,8655dde8c48dab1638acaf0bfca00c2bcb44f492,../data/check/stimuli/8655dde8c48dab1638acaf0bfca00c2bcb44f492.jpg
39,765,loof,aec9fa4984c518adfa64d9078517430eb7580ade,../data/check/stimuli/aec9fa4984c518adfa64d9078517430eb7580ade.jpg
40,28,loof,07334f64a6a4408ea64a3d4ad78845c4456ba069,../data/check/stimuli/07334f64a6a4408ea64a3d4ad78845c4456ba069.jpg
