,title,url,page_url,width,height,mime,sha1,uploaded,uploader,licence,licence_url,author,date_taken,description,subject,raw_path
28,File:2018-06-11 Tal och PK på Järvaveckan (42035445194).jpg,https://upload.wikimedia.org/wikipedia/commons/4/44/2018-06-11_Tal_och_PK_p%C3%A5_J%C3%A4rvaveckan_%2842035445194%29.jpg?utm_source=commons.wikimedia.org&utm_campaign=imageinfo&utm_content=original,https://commons.wikimedia.org/wiki/File:2018-06-11_Tal_och_PK_p%C3%A5_J%C3%A4rvaveckan_(42035445194).jpg,6720,4480,image/jpeg,07334f64a6a4408ea64a3d4ad78845c4456ba069,2018-06-26T21:39:33Z,Kaiketsu,CC BY 2.0,https://creativecommons.org/licenses/by/2.0,Centerpartiet (official),2018-06-11 19:17,2018-06-11 Tal och PK på Järvaveckan,loof,../data/raw/loof/07334f64a6a4408ea64a3d4ad78845c4456ba069.jpg
9,File:Annie Lööf Presskonferens (28103340085).jpg,https://upload.wikimedia.org/wikipedia/commons/4/44/Annie_L%C3%B6%C3%B6f_Presskonferens_%2828103340085%29.jpg?utm_source=commons.wikimedia.org&utm_campaign=imageinfo&utm_content=original,https://commons.wikimedia.org/wiki/File:Annie_L%C3%B6%C3%B6f_Presskonferens_(28103340085).jpg,5472,3648,image/jpeg,9f280cc0076be29c240bfb23ad4b00decd46c0a9,2016-09-09T07:38:36Z,Kaiketsu,CC BY 2.0,https://creativecommons.org/licenses/by/2.0,Centerpartiet (official),2016-07-04 11:48,Annie Lööf presenterar rapport - Alla jobb behövs,loof,../data/raw/loof/9f280cc0076be29c240bfb23ad4b00decd46c0a9.jpg
830,File:L1410094 (33958774538).jpg,https://upload.wikimedia.org/wikipedia/commons/a/ab/L1410094_%2833958774538%29.jpg?utm_source=commons.wikimedia.org&utm_campaign=imageinfo&utm_content=original,https://commons.wikimedia.org/wiki/File:L1410094_(33958774538).jpg,3000,2000,image/jpeg,29217492ef05cd48edb05afcf018e70dd091612d,2019-06-21T00:13:15Z,Kaiketsu,CC BY 2.0,https://creativecommons.org/licenses/by/2.0,Centerpartiet (official),2019-04-26 13:31,L1410094,loof,../data/raw/loof/29217492ef05cd48edb05afcf018e70dd091612d.jpg
765,File:Centerpartiet Kommundagarna 2017 (33568019741).jpg,https://upload.wikimedia.org/wikipedia/commons/7/79/Centerpartiet_Kommundagarna_2017_%2833568019741%29.jpg?utm_source=commons.wikimedia.org&utm_campaign=imageinfo&utm_content=original,https://commons.wikimedia.org/wiki/File:Centerpartiet_Kommundagarna_2017_(33568019741).jpg,4928,3280,image/jpeg,aec9fa4984c518adfa64d9078517430eb7580ade,2017-05-08T22:44:05Z,Kaiketsu,CC BY 2.0,https://creativecommons.org/licenses/by/2.0,Centerpartiet (official),2017-02-06 17:40,"Kommundagarna är Centerpartiets största årliga återkommande arrangemang där Centerpartiets ledande företrädare i kommuner, landsting och regioner samlas. 2017 arrangeras kommundagarna den 3- 4 februari på Clarion Hotel Post i Göteborg.",loof,../data/raw/loof/aec9fa4984c518adfa64d9078517430eb7580ade.jpg
709,File:Annie Lööf - EU-valvaka 2014 (14280900604).jpg,https://upload.wikimedia.org/wikipedia/commons/4/4d/Annie_L%C3%B6%C3%B6f_-_EU-valvaka_2014_%2814280900604%29.jpg?utm_source=commons.wikimedia.org&utm_campaign=imageinfo&utm_content=original,https://commons.wikimedia.org/wiki/File:Annie_L%C3%B6%C3%B6f_-_EU-valvaka_2014_(14280900604).jpg,5184,3456,image/jpeg,53f04c7138f37bcb4e24d7d971982318e6c2d122,2016-09-10T13:31:55Z,Kaiketsu,CC BY 2.0,https://creativecommons.org/licenses/by/2.0,Centerpartiet (official),2014-05-25 22:51,Annie Lööf - EU-valvaka 2014,loof,../data/raw/loof/53f04c7138f37bcb4e24d7d971982318e6c2d122.jpg
362,File:Annie Lööf Sommartal 2015 (20270133514).jpg,https://upload.wikimedia.org/wikipedia/commons/0/0a/Annie_L%C3%B6%C3%B6f_Sommartal_2015_%2820270133514%29.jpg?utm_source=commons.wikimedia.org&utm_campaign=imageinfo&utm_content=original,https://commons.wikimedia.org/wiki/File:Annie_L%C3%B6%C3%B6f_Sommartal_2015_(20270133514).jpg,5456,3632,image/jpeg,5b1ef4e75e5c1274da65be138358f6ac6f91d572,2016-09-10T15:33:10Z,Kaiketsu,CC BY 2.0,https://creativecommons.org/licenses/by/2.0,Centerpartiet (official),2015-08-25 09:59,Annie Lööf Sommartal 2015.,loof,../data/raw/loof/5b1ef4e75e5c1274da65be138358f6ac6f91d572.jpg
413,File:Centerpartiets partistämma 2017 (36720757283).jpg,https://upload.wikimedia.org/wikipedia/commons/4/49/Centerpartiets_partist%C3%A4mma_2017_%2836720757283%29.jpg?utm_source=commons.wikimedia.org&utm_campaign=imageinfo&utm_content=original,https://commons.wikimedia.org/wiki/File:Centerpartiets_partist%C3%A4mma_2017_(36720757283).jpg,2048,1363,image/jpeg,19dcfbfd5f64e124e3017ea664a5d2b593011a96,2017-10-08T01:17:13Z,Kaiketsu,CC BY 2.0,https://creativecommons.org/licenses/by/2.0,Centerpartiet (official),2017-09-28 18:16,Centerpartiets partistämma 2017,loof,../data/raw/loof/19dcfbfd5f64e124e3017ea664a5d2b593011a96.jpg
487,File:2018-08-16 Ramvik Folketshus (29215259017).jpg,https://upload.wikimedia.org/wikipedia/commons/3/30/2018-08-16_Ramvik_Folketshus_%2829215259017%29.jpg?utm_source=commons.wikimedia.org&utm_campaign=imageinfo&utm_content=original,https://commons.wikimedia.org/wiki/File:2018-08-16_Ramvik_Folketshus_(29215259017).jpg,6720,4480,image/jpeg,c1ac99c2bcf2c6d9a576032e6cd89ce61319c702,2018-08-20T14:30:38Z,Kaiketsu,CC BY 2.0,https://creativecommons.org/licenses/by/2.0,Centerpartiet (official),2018-08-16 18:02,"Centerpartiets partiledare Annie Lööf i Ramvik, Ångermanland.",loof,../data/raw/loof/c1ac99c2bcf2c6d9a576032e6cd89ce61319c702.jpg
15,File:Almedalsveckan Visby Annie Loof Centerpartiets partiledartal 20160704 0009 (27488618273).jpg,https://upload.wikimedia.org/wikipedia/commons/a/aa/Almedalsveckan_Visby_Annie_Loof_Centerpartiets_partiledartal_20160704_0009_%2827488618273%29.jpg?utm_source=commons.wikimedia.org&utm_campaign=imageinfo&utm_content=original,https://commons.wikimedia.org/wiki/File:Almedalsveckan_Visby_Annie_Loof_Centerpartiets_partiledartal_20160704_0009_(27488618273).jpg,4896,3264,image/jpeg,2c546d5c14bb94916e9c8171cafc9e62a1429ab0,2016-09-11T01:49:54Z,Kaiketsu,CC BY 2.0,https://creativecommons.org/licenses/by/2.0,Johan Wessman / News Oresund,"Taken on 4 July 2016, 18:16:52 (according to Exif data)","Centerns partiledare Annie Lööf under sitt partiledaretal under Almedalsveckan i Visby 2016..Photo: News Øresund - Johan Wessman..© News Øresund - Johan Wessman (CC BY 3.0).. .Detta verk av News Øresund är licensierat under en Creative Commons Erkännande 3.0 Unported-licens (CC BY 3.0). Bilden får fritt publiceras under förutsättning att källa anges. .The picture can be used freely under the prerequisite that the source is given. News Øresund, Malmö, Sweden.News Øresund är en oberoende regional nyhetsbyrå som är en del av det oberoende dansk-svenska kunskapscentrat Øresundsinstituttet...www.newsoresund.org..www.oresundsinstituttet.org",loof,../data/raw/loof/2c546d5c14bb94916e9c8171cafc9e62a1429ab0.jpg
115,File:Annie Lööf (18830551085).jpg,https://upload.wikimedia.org/wikipedia/commons/6/62/Annie_L%C3%B6%C3%B6f_%2818830551085%29.jpg?utm_source=commons.wikimedia.org&utm_campaign=imageinfo&utm_content=original,https://commons.wikimedia.org/wiki/File:Annie_L%C3%B6%C3%B6f_(18830551085).jpg,2649,4368,image/jpeg,aee92cade81d0c7df6bc717d4a2b04f5522e0f7c,2016-11-01T11:51:27Z,Kaiketsu,CC BY 2.0,https://creativecommons.org/licenses/by/2.0,Centerpartiet (official),2015-03-26 15:45,Annie Lööf. Foto Johan Jeppsson. Fotografens namn skall anges vid publicering. Bildem får inte säljas,loof,../data/raw/loof/aee92cade81d0c7df6bc717d4a2b04f5522e0f7c.jpg
367,File:Annie Lööfs sommartal 2016 (28777002264).jpg,https://upload.wikimedia.org/wikipedia/commons/8/8b/Annie_L%C3%B6%C3%B6fs_sommartal_2016_%2828777002264%29.jpg?utm_source=commons.wikimedia.org&utm_campaign=imageinfo&utm_content=original,https://commons.wikimedia.org/wiki/File:Annie_L%C3%B6%C3%B6fs_sommartal_2016_(28777002264).jpg,4900,3267,image/jpeg,69f0534ecba71ab2811dc482a470a3f76bfef4cb,2016-11-01T11:36:10Z,Kaiketsu,CC BY 2.0,https://creativecommons.org/licenses/by/2.0,Centerpartiet (official),2016-08-24 12:08,Annie Lööfs sommartal 2016,loof,../data/raw/loof/69f0534ecba71ab2811dc482a470a3f76bfef4cb.jpg
800,File:Annie Lööf ny partiledare 7.jpg,https://upload.wikimedia.org/wikipedia/commons/2/28/Annie_L%C3%B6%C3%B6f_ny_partiledare_7.jpg?utm_source=commons.wikimedia.org&utm_campaign=imageinfo&utm_content=original,https://commons.wikimedia.org/wiki/File:Annie_L%C3%B6%C3%B6f_ny_partiledare_7.jpg,2048,1363,image/jpeg,3b2a01d2532d62a2d123ef1864959789a1086072,2013-09-17T13:35:13Z,Russavia,CC BY 2.0,https://creativecommons.org/licenses/by/2.0,centerbilder,2011-09-23 03:45:43,Ange fotograf Patrick Trägårdh,loof,../data/raw/loof/3b2a01d2532d62a2d123ef1864959789a1086072.jpg
577,File:2018-07-03 Presskonferens Blå miljard (41927221880).jpg,https://upload.wikimedia.org/wikipedia/commons/0/00/2018-07-03_Presskonferens_Bl%C3%A5_miljard_%2841927221880%29.jpg?utm_source=commons.wikimedia.org&utm_campaign=imageinfo&utm_content=original,https://commons.wikimedia.org/wiki/File:2018-07-03_Presskonferens_Bl%C3%A5_miljard_(41927221880).jpg,5760,3840,image/jpeg,debb277be5084e214b1be6efcfa990a8121a27ce,2018-07-31T22:37:26Z,Kaiketsu,CC BY 2.0,https://creativecommons.org/licenses/by/2.0,Centerpartiet (official),2018-07-02 16:49,Annie Lööf Presskonferens om Blå miljarden Centerpartiets partiledare Annie Lööf under Almedalsveckan 2018.,loof,../data/raw/loof/debb277be5084e214b1be6efcfa990a8121a27ce.jpg
626,File:Annie Lööf Almedalen 2018 (43201715111).jpg,https://upload.wikimedia.org/wikipedia/commons/9/91/Annie_L%C3%B6%C3%B6f_Almedalen_2018_%2843201715111%29.jpg?utm_source=commons.wikimedia.org&utm_campaign=imageinfo&utm_content=original,https://commons.wikimedia.org/wiki/File:Annie_L%C3%B6%C3%B6f_Almedalen_2018_(43201715111).jpg,5184,3456,image/jpeg,25a54da84076be93cf1c0fab21aaebf13c4b009d,2018-07-05T15:14:47Z,Kaiketsu,CC BY-SA 2.0,https://creativecommons.org/licenses/by-sa/2.0,Poltikerveckan Almedalen,2018-07-04 12:40,IMG_0190,loof,../data/raw/loof/25a54da84076be93cf1c0fab21aaebf13c4b009d.jpg
481,File:2018-07-30 Almedalstalet (43737572641).jpg,https://upload.wikimedia.org/wikipedia/commons/2/23/2018-07-30_Almedalstalet_%2843737572641%29.jpg?utm_source=commons.wikimedia.org&utm_campaign=imageinfo&utm_content=original,https://commons.wikimedia.org/wiki/File:2018-07-30_Almedalstalet_(43737572641).jpg,5690,3793,image/jpeg,3b330450feae9bdd32784603b040134ac23330f4,2018-07-31T22:42:05Z,Kaiketsu,CC BY 2.0,https://creativecommons.org/licenses/by/2.0,Centerpartiet (official),2018-07-04 19:17,Centerpartiets partiledare Annie Lööf talar under Almedalsveckan 2018.,loof,../data/raw/loof/3b330450feae9bdd32784603b040134ac23330f4.jpg
714,File:Annie Lööf - Almedalen 2014 (15061072015).jpg,https://upload.wikimedia.org/wikipedia/commons/1/1f/Annie_L%C3%B6%C3%B6f_-_Almedalen_2014_%2815061072015%29.jpg?utm_source=commons.wikimedia.org&utm_campaign=imageinfo&utm_content=original,https://commons.wikimedia.org/wiki/File:Annie_L%C3%B6%C3%B6f_-_Almedalen_2014_(15061072015).jpg,1920,1080,image/jpeg,28a2d63df340e2cc4a610cfbb6d5485aca289b19,2016-09-10T13:47:15Z,Kaiketsu,CC BY 2.0,https://creativecommons.org/licenses/by/2.0,Centerpartiet (official),2014-07-06 14:28,"Foto: Line Degerhammar, ForSure",loof,../data/raw/loof/28a2d63df340e2cc4a610cfbb6d5485aca289b19.jpg
206,File:Annie Lööf Almedalstal3 (28103305955).jpg,https://upload.wikimedia.org/wikipedia/commons/8/88/Annie_L%C3%B6%C3%B6f_Almedalstal3_%2828103305955%29.jpg?utm_source=commons.wikimedia.org&utm_campaign=imageinfo&utm_content=original,https://commons.wikimedia.org/wiki/File:Annie_L%C3%B6%C3%B6f_Almedalstal3_(28103305955).jpg,3354,5031,image/jpeg,66bddf30f505a02924e1db798d65133b9284cbd5,2016-09-09T07:38:13Z,Kaiketsu,CC BY 2.0,https://creativecommons.org/licenses/by/2.0,Centerpartiet (official),2016-07-04 19:11,Annie Lööf talar den 4 juli i Almedalen,loof,../data/raw/loof/66bddf30f505a02924e1db798d65133b9284cbd5.jpg
56,File:Annie Lööf - EU-valvaka 2014 (14094754420).jpg,https://upload.wikimedia.org/wikipedia/commons/1/16/Annie_L%C3%B6%C3%B6f_-_EU-valvaka_2014_%2814094754420%29.jpg?utm_source=commons.wikimedia.org&utm_campaign=imageinfo&utm_content=original,https://commons.wikimedia.org/wiki/File:Annie_L%C3%B6%C3%B6f_-_EU-valvaka_2014_(14094754420).jpg,5184,3456,image/jpeg,764501a8b20fa2bfd16a68d57aa086b5f6a17420,2016-09-10T13:32:03Z,Kaiketsu,CC BY 2.0,https://creativecommons.org/licenses/by/2.0,Centerpartiet (official),2014-05-25 22:49,Annie Lööf - EU-valvaka 2014,loof,../data/raw/loof/764501a8b20fa2bfd16a68d57aa086b5f6a17420.jpg
457,File:Centern kommundagar 2016-1015 (24716480752).jpg,https://upload.wikimedia.org/wikipedia/commons/4/43/Centern_kommundagar_2016-1015_%2824716480752%29.jpg?utm_source=commons.wikimedia.org&utm_campaign=imageinfo&utm_content=original,https://commons.wikimedia.org/wiki/File:Centern_kommundagar_2016-1015_(24716480752).jpg,2048,1363,image/jpeg,5134e8ccaf4694283c702aa12f31a516f3a12739,2016-09-09T07:50:32Z,Kaiketsu,CC BY 2.0,https://creativecommons.org/licenses/by/2.0,Centerpartiet (official),2016-02-05 14:23,Annie Lööf talar på kommundagarna 2016,loof,../data/raw/loof/5134e8ccaf4694283c702aa12f31a516f3a12739.jpg
773,File:2018-06-11 Tal och PK på Järvaveckan (42703783482).jpg,https://upload.wikimedia.org/wikipedia/commons/e/e7/2018-06-11_Tal_och_PK_p%C3%A5_J%C3%A4rvaveckan_%2842703783482%29.jpg?utm_source=commons.wikimedia.org&utm_campaign=imageinfo&utm_content=original,https://commons.wikimedia.org/wiki/File:2018-06-11_Tal_och_PK_p%C3%A5_J%C3%A4rvaveckan_(42703783482).jpg,4480,6720,image/jpeg,eef9f32fde5f90c23de11b31bacd09324da001a6,2018-06-26T21:39:49Z,Kaiketsu,CC BY 2.0,https://creativecommons.org/licenses/by/2.0,Centerpartiet (official),2018-06-11 18:05,2018-06-11 Tal och PK på Järvaveckan,loof,../data/raw/loof/eef9f32fde5f90c23de11b31bacd09324da001a6.jpg
837,File:Hallituksen tiedotustilaisuus valmiuslain käyttöönotosta ja rajavalvonnasta 17.3.2020 (49669027098).jpg,https://upload.wikimedia.org/wikipedia/commons/b/bc/Hallituksen_tiedotustilaisuus_valmiuslain_k%C3%A4ytt%C3%B6%C3%B6notosta_ja_rajavalvonnasta_17.3.2020_%2849669027098%29.jpg?utm_source=commons.wikimedia.org&utm_campaign=imageinfo&utm_content=original,https://commons.wikimedia.org/wiki/File:Hallituksen_tiedotustilaisuus_valmiuslain_k%C3%A4ytt%C3%B6%C3%B6notosta_ja_rajavalvonnasta_17.3.2020_(49669027098).jpg,6129,3214,image/jpeg,0c5aba21732b357749dcc405da700636b92b5512,2020-03-20T03:07:18Z,A1Cafel,CC BY 2.0,https://creativecommons.org/licenses/by/2.0,FinnishGovernment,2020-03-17 17:20,© Lauri Heikkinen | valtioneuvoston kanslia,ohisalo,../data/raw/ohisalo/0c5aba21732b357749dcc405da700636b92b5512.jpg
841,File:Hallituksen tiedotustilaisuus koronavirustilanteesta 20.3.2020. (49679102056).jpg,https://upload.wikimedia.org/wikipedia/commons/e/e4/Hallituksen_tiedotustilaisuus_koronavirustilanteesta_20.3.2020._%2849679102056%29.jpg?utm_source=commons.wikimedia.org&utm_campaign=imageinfo&utm_content=original,https://commons.wikimedia.org/wiki/File:Hallituksen_tiedotustilaisuus_koronavirustilanteesta_20.3.2020._(49679102056).jpg,4000,2667,image/jpeg,03983addc676103620d71bad98939c2e769ca59a,2020-03-22T08:41:46Z,A1Cafel,CC BY 2.0,https://creativecommons.org/licenses/by/2.0,FinnishGovernment,2020-03-20 12:07,Hallitus esittää laajoja taloustoimia koronavirusepidemian haittojen minimoimiseksi. © Laura Kotila | valtioneuvoston kanslia,ohisalo,../data/raw/ohisalo/03983addc676103620d71bad98939c2e769ca59a.jpg
843,File:Hallituksen neuvottelu Säätytalossa 22.4.2020 (49805253632).jpg,https://upload.wikimedia.org/wikipedia/commons/c/c0/Hallituksen_neuvottelu_S%C3%A4%C3%A4tytalossa_22.4.2020_%2849805253632%29.jpg?utm_source=commons.wikimedia.org&utm_campaign=imageinfo&utm_content=original,https://commons.wikimedia.org/wiki/File:Hallituksen_neuvottelu_S%C3%A4%C3%A4tytalossa_22.4.2020_(49805253632).jpg,6066,4026,image/jpeg,5750060611501fcdb5cf5089d349acbb535420ec,2020-04-22T12:54:51Z,Killarnee,CC BY 2.0,https://creativecommons.org/licenses/by/2.0,FinnishGovernment,2020-04-22 10:05,© Lauri Heikkinen | valtioneuvoston kanslia,ohisalo,../data/raw/ohisalo/5750060611501fcdb5cf5089d349acbb535420ec.jpg
844,File:Hallituksen tiedotustilaisuus Uudenmaan liikkumisrajoituksesta 15.4.2020 (49776631682).jpg,https://upload.wikimedia.org/wikipedia/commons/1/1f/Hallituksen_tiedotustilaisuus_Uudenmaan_liikkumisrajoituksesta_15.4.2020_%2849776631682%29.jpg?utm_source=commons.wikimedia.org&utm_campaign=imageinfo&utm_content=original,https://commons.wikimedia.org/wiki/File:Hallituksen_tiedotustilaisuus_Uudenmaan_liikkumisrajoituksesta_15.4.2020_(49776631682).jpg,6246,3877,image/jpeg,667c528a36565686ba849be6680bc818935ead4d,2020-04-22T12:59:03Z,Killarnee,CC BY 2.0,https://creativecommons.org/licenses/by/2.0,FinnishGovernment,2020-04-15 10:10,© Lauri Heikkinen | valtioneuvoston kanslia,ohisalo,../data/raw/ohisalo/667c528a36565686ba849be6680bc818935ead4d.jpg
846,File:Hallituksen koronatilannekatsaus 7.4.2020 (49745060511).jpg,https://upload.wikimedia.org/wikipedia/commons/5/5c/Hallituksen_koronatilannekatsaus_7.4.2020_%2849745060511%29.jpg?utm_source=commons.wikimedia.org&utm_campaign=imageinfo&utm_content=original,https://commons.wikimedia.org/wiki/File:Hallituksen_koronatilannekatsaus_7.4.2020_(49745060511).jpg,5666,3805,image/jpeg,5d8f2bc2accfd428d1422e88352e571e2934ee53,2020-04-22T13:07:57Z,Killarnee,CC BY 2.0,https://creativecommons.org/licenses/by/2.0,FinnishGovernment,2020-04-07 08:09,© Lauri Heikkinen | valtioneuvoston kanslia,ohisalo,../data/raw/ohisalo/5d8f2bc2accfd428d1422e88352e571e2934ee53.jpg
848,File:Hallitus päätti tänään jatkaa koronavirustartuntojen leviämisen hidastamiseksi ja riskiryhmien suojelemiseksi aiemmin päätettyjä rajoitustoimia 13. toukokuuta 2020 saakka. (49717888967).jpg,https://upload.wikimedia.org/wikipedia/commons/d/d5/Hallitus_p%C3%A4%C3%A4tti_t%C3%A4n%C3%A4%C3%A4n_jatkaa_koronavirustartuntojen_levi%C3%A4misen_hidastamiseksi_ja_riskiryhmien_suojelemiseksi_aiemmin_p%C3%A4%C3%A4tettyj%C3%A4_rajoitustoimia_13._toukokuuta_2020_saakka._%2849717888967%29.jpg?utm_source=commons.wikimedia.org&utm_campaign=imageinfo&utm_content=original,https://commons.wikimedia.org/wiki/File:Hallitus_p%C3%A4%C3%A4tti_t%C3%A4n%C3%A4%C3%A4n_jatkaa_koronavirustartuntojen_levi%C3%A4misen_hidastamiseksi_ja_riskiryhmien_suojelemiseksi_aiemmin_p%C3%A4%C3%A4tettyj%C3%A4_rajoitustoimia_13._toukokuuta_2020_saakka._(49717888967).jpg,4000,2667,image/jpeg,85bc07b7d008819c67fbc72dfa83417434fe7f8e,2020-04-22T13:14:33Z,Killarnee,CC BY 2.0,https://creativecommons.org/licenses/by/2.0,FinnishGovernment,2020-03-30 20:13,© Laura Kotila | valtioneuvoston kanslia,ohisalo,../data/raw/ohisalo/85bc07b7d008819c67fbc72dfa83417434fe7f8e.jpg
850,File:Hallituksen infotilaisuus koronavirustilanteesta 25.3.2020 (49698186533).jpg,https://upload.wikimedia.org/wikipedia/commons/6/6b/Hallituksen_infotilaisuus_koronavirustilanteesta_25.3.2020_%2849698186533%29.jpg?utm_source=commons.wikimedia.org&utm_campaign=imageinfo&utm_content=original,https://commons.wikimedia.org/wiki/File:Hallituksen_infotilaisuus_koronavirustilanteesta_25.3.2020_(49698186533).jpg,4480,6720,image/jpeg,df162b258690d9cb2f0ab963395a215818455e5c,2020-04-22T13:16:51Z,Killarnee,CC BY 2.0,https://creativecommons.org/licenses/by/2.0,FinnishGovernment,2020-03-25 23:26,© Lauri Heikkinen | valtioneuvoston kanslia,ohisalo,../data/raw/ohisalo/df162b258690d9cb2f0ab963395a215818455e5c.jpg
858,File:Marinin hallituksen nimitys 10.12.2019 (49199012238).jpg,https://upload.wikimedia.org/wikipedia/commons/4/40/Marinin_hallituksen_nimitys_10.12.2019_%2849199012238%29.jpg?utm_source=commons.wikimedia.org&utm_campaign=imageinfo&utm_content=original,https://commons.wikimedia.org/wiki/File:Marinin_hallituksen_nimitys_10.12.2019_(49199012238).jpg,6469,3992,image/jpeg,4134d5e322d08fe0ab59e6b180c2fddee829d624,2020-04-22T13:34:02Z,Killarnee,CC BY 2.0,https://creativecommons.org/licenses/by/2.0,FinnishGovernment,2019-12-10 18:53,©Lauri Heikkinen/Valtioneuvoston kanslia,ohisalo,../data/raw/ohisalo/4134d5e322d08fe0ab59e6b180c2fddee829d624.jpg
863,File:Hallituksen neuvottelut Säätytalossa 4.5.2020 (49854250217).jpg,https://upload.wikimedia.org/wikipedia/commons/d/d1/Hallituksen_neuvottelut_S%C3%A4%C3%A4tytalossa_4.5.2020_%2849854250217%29.jpg?utm_source=commons.wikimedia.org&utm_campaign=imageinfo&utm_content=original,https://commons.wikimedia.org/wiki/File:Hallituksen_neuvottelut_S%C3%A4%C3%A4tytalossa_4.5.2020_(49854250217).jpg,2667,4000,image/jpeg,01d300dc01023fbf8589bab1e054586aa8c15fa7,2020-05-08T16:23:07Z,Killarnee,CC BY 2.0,https://creativecommons.org/licenses/by/2.0,FinnishGovernment,2020-05-04 09:25,© Laura Kotila | valtioneuvoston kanslia,ohisalo,../data/raw/ohisalo/01d300dc01023fbf8589bab1e054586aa8c15fa7.jpg
866,File:Hallituksen neuvottelut Säätytalossa 3.5.2020 (49849286236).jpg,https://upload.wikimedia.org/wikipedia/commons/8/89/Hallituksen_neuvottelut_S%C3%A4%C3%A4tytalossa_3.5.2020_%2849849286236%29.jpg?utm_source=commons.wikimedia.org&utm_campaign=imageinfo&utm_content=original,https://commons.wikimedia.org/wiki/File:Hallituksen_neuvottelut_S%C3%A4%C3%A4tytalossa_3.5.2020_(49849286236).jpg,4000,2667,image/jpeg,7d486d609e13069c128de643e38c65222e64c110,2020-05-08T16:25:08Z,Killarnee,CC BY 2.0,https://creativecommons.org/licenses/by/2.0,FinnishGovernment,2020-05-03 09:33,© Laura Kotila | valtioneuvoston kanslia,ohisalo,../data/raw/ohisalo/7d486d609e13069c128de643e38c65222e64c110.jpg
867,File:Hallituksen neuvottelu Säätytalossa 13.5.2020 (49890028583).jpg,https://upload.wikimedia.org/wikipedia/commons/1/14/Hallituksen_neuvottelu_S%C3%A4%C3%A4tytalossa_13.5.2020_%2849890028583%29.jpg?utm_source=commons.wikimedia.org&utm_campaign=imageinfo&utm_content=original,https://commons.wikimedia.org/wiki/File:Hallituksen_neuvottelu_S%C3%A4%C3%A4tytalossa_13.5.2020_(49890028583).jpg,5831,3591,image/jpeg,c343711b2c8398b78668e70d5a3a2b82926e7171,2020-05-15T09:57:04Z,Kyykaarme,CC BY 2.0,https://creativecommons.org/licenses/by/2.0,FinnishGovernment,2020-05-13 16:56,"Hallituksen neuvottelu Säätytalossa 13.5.2020 © Lauri Heikkinen, valtioneuvoston kanslia",ohisalo,../data/raw/ohisalo/c343711b2c8398b78668e70d5a3a2b82926e7171.jpg
868,File:Maria Ohisalo portrait 2019.jpg,https://upload.wikimedia.org/wikipedia/commons/0/08/Maria_Ohisalo_portrait_2019.jpg?utm_source=commons.wikimedia.org&utm_campaign=imageinfo&utm_content=original,https://commons.wikimedia.org/wiki/File:Maria_Ohisalo_portrait_2019.jpg,3288,4000,image/jpeg,78967cd85df75485bbe33f7cc9301af3df95419c,2020-05-20T19:10:46Z,Kyykaarme,CC BY 4.0,https://creativecommons.org/licenses/by/4.0,Laura Kotila/valtioneuvoston kanslia,2019-06-26 09:29:26,Maria Ohisalo,ohisalo,../data/raw/ohisalo/78967cd85df75485bbe33f7cc9301af3df95419c.jpg
869,File:Hallituksen tiedotustilaisuus 23.6.2020 (50036877948).jpg,https://upload.wikimedia.org/wikipedia/commons/0/06/Hallituksen_tiedotustilaisuus_23.6.2020_%2850036877948%29.jpg?utm_source=commons.wikimedia.org&utm_campaign=imageinfo&utm_content=original,https://commons.wikimedia.org/wiki/File:Hallituksen_tiedotustilaisuus_23.6.2020_(50036877948).jpg,4296,5984,image/jpeg,44e6d29919fb9fb77485bfac604dd3a482b8ba25,2020-06-27T07:03:47Z,A1Cafel,CC BY 2.0,https://creativecommons.org/licenses/by/2.0,FinnishGovernment,2020-06-23 18:28,© Lauri Heikkinen | valtioneuvoston kanslia,ohisalo,../data/raw/ohisalo/44e6d29919fb9fb77485bfac604dd3a482b8ba25.jpg
870,File:Hallituksen tiedotustilaisuus 23.6.2020 (50037681012).jpg,https://upload.wikimedia.org/wikipedia/commons/7/7b/Hallituksen_tiedotustilaisuus_23.6.2020_%2850037681012%29.jpg?utm_source=commons.wikimedia.org&utm_campaign=imageinfo&utm_content=original,https://commons.wikimedia.org/wiki/File:Hallituksen_tiedotustilaisuus_23.6.2020_(50037681012).jpg,4480,4718,image/jpeg,27e2ffe7746501000f7beb4687df7ec8444e506f,2020-06-27T07:03:54Z,A1Cafel,CC BY 2.0,https://creativecommons.org/licenses/by/2.0,FinnishGovernment,2020-06-23 18:28,© Lauri Heikkinen | valtioneuvoston kanslia,ohisalo,../data/raw/ohisalo/27e2ffe7746501000f7beb4687df7ec8444e506f.jpg
873,File:Hallituksen tiedotustilaisuus 19.8.2020 (50242741593).jpg,https://upload.wikimedia.org/wikipedia/commons/3/37/Hallituksen_tiedotustilaisuus_19.8.2020_%2850242741593%29.jpg?utm_source=commons.wikimedia.org&utm_campaign=imageinfo&utm_content=original,https://commons.wikimedia.org/wiki/File:Hallituksen_tiedotustilaisuus_19.8.2020_(50242741593).jpg,4480,6720,image/jpeg,82b5d7d07e7a3138685a05fdbebfc1c9d1fc9ade,2020-09-18T15:32:55Z,A1Cafel,CC BY 2.0,https://creativecommons.org/licenses/by/2.0,FinnishGovernment,2020-08-19 08:38,© Lauri Heikkinen | valtioneuvoston kanslia,ohisalo,../data/raw/ohisalo/82b5d7d07e7a3138685a05fdbebfc1c9d1fc9ade.jpg
875,File:Hallituksen infotilaisuus koronavirustilanteesta 25.3.2020 (49698186533) (cropped).jpg,https://upload.wikimedia.org/wikipedia/commons/7/7e/Hallituksen_infotilaisuus_koronavirustilanteesta_25.3.2020_%2849698186533%29_%28cropped%29.jpg?utm_source=commons.wikimedia.org&utm_campaign=imageinfo&utm_content=original,https://commons.wikimedia.org/wiki/File:Hallituksen_infotilaisuus_koronavirustilanteesta_25.3.2020_(49698186533)_(cropped).jpg,1234,1697,image/jpeg,6fcbb5abf9057ba276af8928bcd65e64a3060d8c,2021-08-08T11:55:19Z,Lochglasgowstrathyre,CC BY 2.0,https://creativecommons.org/licenses/by/2.0,FinnishGovernment,2020-03-25 23:26,© Lauri Heikkinen | valtioneuvoston kanslia,ohisalo,../data/raw/ohisalo/6fcbb5abf9057ba276af8928bcd65e64a3060d8c.jpg
881,File:Maria Ohisalo (maria-ohisalo-0133).jpg,https://upload.wikimedia.org/wikipedia/commons/d/db/Maria_Ohisalo_%28maria-ohisalo-0133%29.jpg?utm_source=commons.wikimedia.org&utm_campaign=imageinfo&utm_content=original,https://commons.wikimedia.org/wiki/File:Maria_Ohisalo_(maria-ohisalo-0133).jpg,4000,2593,image/jpeg,ce40c70bc7641ff11493bf413c9e3bf72dfe3be4,2023-05-16T09:25:58Z,Zache,CC BY 4.0,https://creativecommons.org/licenses/by/4.0,Laura Kotila,creation time: 2019-03-07; modification time: 2022-17-06; file modification time: 2019-26-06,Ministers / Maria Ohisalo / maria-ohisalo-0133,ohisalo,../data/raw/ohisalo/ce40c70bc7641ff11493bf413c9e3bf72dfe3be4.jpg
883,File:1718281619233 20240612 OHISALO Maria FI 009.jpg,https://upload.wikimedia.org/wikipedia/commons/c/c8/1718281619233_20240612_OHISALO_Maria_FI_009.jpg?utm_source=commons.wikimedia.org&utm_campaign=imageinfo&utm_content=original,https://commons.wikimedia.org/wiki/File:1718281619233_20240612_OHISALO_Maria_FI_009.jpg,3528,4536,image/jpeg,cf764eb7c110a0430ea433d6480d88be9baa0f08,2024-07-31T14:00:59Z,Jcornelius,European Parliament,https://www.europarl.europa.eu/legal-notice/,European Union 2024 - Source : EP,2024-06,MEP Maria Ohisalo,ohisalo,../data/raw/ohisalo/cf764eb7c110a0430ea433d6480d88be9baa0f08.jpg
885,File:Maria Ohisalo (cropped).JPG,https://upload.wikimedia.org/wikipedia/commons/f/fa/Maria_Ohisalo_%28cropped%29.JPG?utm_source=commons.wikimedia.org&utm_campaign=imageinfo&utm_content=original,https://commons.wikimedia.org/wiki/File:Maria_Ohisalo_(cropped).JPG,955,1274,image/jpeg,8655dde8c48dab1638acaf0bfca00c2bcb44f492,2018-11-03T21:41:30Z,Bff,CC BY-SA 4.0,https://creativecommons.org/licenses/by-sa/4.0,Kaihsu Tai,2015-06-05 17:01:14,Maria Ohisalo,ohisalo,../data/raw/ohisalo/8655dde8c48dab1638acaf0bfca00c2bcb44f492.jpg
912,File:Hallituksen tiedotustilaisuus 19.8.2020 (50242742453).jpg,https://upload.wikimedia.org/wikipedia/commons/9/9f/Hallituksen_tiedotustilaisuus_19.8.2020_%2850242742453%29.jpg?utm_source=commons.wikimedia.org&utm_campaign=imageinfo&utm_content=original,https://commons.wikimedia.org/wiki/File:Hallituksen_tiedotustilaisuus_19.8.2020_(50242742453).jpg,4480,6193,image/jpeg,8e66ab16586fa08f4e7cd642f633abad0515dbe2,2020-09-18T15:32:43Z,A1Cafel,CC BY 2.0,https://creativecommons.org/licenses/by/2.0,FinnishGovernment,2020-08-19 08:39,© Lauri Heikkinen | valtioneuvoston kanslia,ohisalo,../data/raw/ohisalo/8e66ab16586fa08f4e7cd642f633abad0515dbe2.jpg
